ID,MS,NMSP,VE
10001,0.725174954,102.0399632,11.01510129
10002,0.724064748,105.8518465,10.56834532
10003,0.743547352,39.49359551,7.722792937
10004,0.741452785,99.75096852,13.32675545
10007,0.74716,131.24796,14.98866667
10008,0.732184783,95.53143478,11.46184783
10009,0.639651996,58.10925281,7.808188332
10010,0.758387097,66.70005865,8.385239492
10011,0.72208284,75.50730178,7.485798817
10012,0.677812081,55.52571812,7.035838926
10013,0.735460751,67.52489761,8.590614334
10014,0.637264297,43.46147604,6.733230294
10015,0.748414948,88.57747423,12.43917526
10016,0.735457686,91.25303972,8.565198618
10018,0.737889318,81.86433719,9.900772201
10019,0.659780919,60.95711661,5.921201413
10020,0.729722557,88.39997587,8.850542823
10022,0.739015873,100.9631217,11.02687831
10027,0.740848057,89.71033569,12.22614841
10028,0.709914927,54.68926527,8.303016241
10039,0.745595506,100.9860449,11.34876404
10041,0.727752235,74.26858238,10.38186462
10042,0.747814313,92.70152805,11.20367505
10043,0.751394472,88.78606784,13.73919598
10044,0.740311355,84.19001832,12.2959707
10054,0.624927885,53.73635817,9.627644231
10062,0.703148615,68.56874055,8.756171285
10065,0.739315866,93.0586754,12.10989811
10066,0.685340909,54.86214646,7.191287879
10067,0.711924494,72.93187845,10.77090239
10077,0.733225517,83.94839173,9.768104223
10078,0.742650104,138.3083851,11.73064182
10080,0.75208805,76.68601258,8.902893082
10092,0.747720365,68.55215805,9.180243161
10096,0.653497899,56.6507458,8.724579832
10098,0.74507014,124.1541884,12.99138277
10100,0.735281804,61.3905314,8.203059581
10101,0.698515929,79.02567988,10.25508936
10102,0.606086957,45.84426367,7.720336606
10103,0.704948665,53.64965092,5.571868583
10104,0.734012739,81.39363057,9.274203822
10105,0.627711214,61.38142857,7.720583717
10108,0.61313253,60.89542169,6.309638554
10109,0.666818632,44.06751239,6.308721506
10111,0.678432056,65.81292683,10.45783972
10113,0.691806452,66.38870968,7.190107527
10114,0.734347826,86.52918478,9.29673913
10115,0.687132616,64.17921147,10.79390681
10116,0.736446701,63.66233503,7.331472081
10117,0.680935484,60.79977419,6.279354839
10118,0.701138889,60.82211111,7.5
10119,0.694870968,62.06309677,7.449032258
10121,0.730737913,83.82641221,8.03562341
10122,0.709828767,59.87571918,5.935273973
10123,0.596460526,43.13356579,6.239473684
10124,0.736666667,70.66088123,7.063218391
10125,0.707803838,48.15486141,5.650959488
10126,0.69591954,62.795,7.617816092
10127,0.733810811,66.71544595,5.809864865
10128,0.734688645,80.0639011,9.570695971
10129,0.720581395,56.19488372,7.273255814
10130,0.749386139,89.52637624,10.3619802
10131,0.750255319,94.44961702,12.53446809
10132,0.662641509,22.39278302,3.831839623
10134,0.506622517,17.93788079,6.21986755
10135,0.734065934,49.1210989,4.203846154
10136,0.746445498,89.00890995,7.879146919
10137,0.731075581,55.50805233,9.115988372
10138,0.740543319,69.06684288,8.645080764
10139,0.655318761,61.95551913,6.300364299
10140,0.716266667,68.49346667,9.411333333
10141,0.516614509,41.38566145,7.13371266
10142,0.666901042,53.57984375,6.180729167
10143,0.742664298,81.97357016,7.178685613
10144,0.548045113,28.89518797,5.506766917
10145,0.741226415,61.33311321,5.845754717
10146,0.710733945,63.89458716,6.310550459
10147,0.698774834,61.73557947,7.406788079
10148,0.591802773,46.09557781,6.034206471
10149,0.745802752,78.93614679,7.401605505
10150,0.747339149,75.65093784,6.814176663
10151,0.740077519,80.77728682,7.68372093
10152,0.727511013,66.74852423,8.434911894
10153,0.739189189,65.19903904,8.292192192
10154,0.723159341,57.39759615,7.694093407
10156,0.730353698,68.82073955,7.771382637
10157,0.727387387,51.33153153,6.121621622
10158,0.750354767,65.5268847,7.213858093
10159,0.734269663,70.75179775,5.76741573
10161,0.718717532,54.72282468,6.223214286
10162,0.743049242,68.45518939,7.082007576
10163,0.739963054,67.80197044,6.722660099
10164,0.730733333,40.25811111,5.332222222
10165,0.665907781,52.36677233,5.262247839
10166,0.734397163,53.16470449,5.080378251
10167,0.728710526,64.08576316,7.197368421
10168,0.600216867,41.05028916,4.940240964
10169,0.732356557,57.74211066,7.410860656
10170,0.69274571,71.15271451,5.23775351
10171,0.713210332,65.55597786,5.523616236
10172,0.70975052,54.87031185,7.984199584
10173,0.731944444,44.55083333,5.549074074
10174,0.715336788,51.73259067,6.231088083
10175,0.700322581,24.68483871,3.867741935
10176,0.736963351,41.08395288,4.413350785
10177,0.698684211,41.25184211,3.572807018
10178,0.735012285,29.88366093,5.832186732
10179,0.726805556,40.78922222,4.877222222
10180,0.720980392,38.88913725,4.188235294
10181,0.609825871,27.39947761,5.842039801
10182,0.681932773,31.96728992,6.403781513
10183,0.708342697,49.19424157,6.383988764
10184,0.735931034,44.65689655,4.871724138
10185,0.723179487,39.70164103,5.531794872
10186,0.667557756,38.75267327,4.079207921
10187,0.478616352,14.4672956,2.022955975
10188,0.722156863,48.16023529,5.948627451
10189,0.595611111,43.08716667,5.604444444
10190,0.717237569,47.42370166,4.662983425
10191,0.720895522,36.02975124,5.114925373
10192,0.728393574,36.31574297,3.615261044
10193,0.685488372,48.45831008,5.881550388
10194,0.703665988,39.9710387,5.636659878
10195,0.74375,48.39007813,5.26796875
10196,0.656641604,42.87320802,5.271177945
10197,0.712562189,41.99014925,5.618905473
10198,0.716972281,54.10635394,5.093390192
10199,0.712982456,44.19982456,4.2
10200,0.738548387,34.56635484,4.682258065
10201,0.737222222,44.20725926,4.366666667
10202,0.673041475,52.84135945,4.941705069
10203,0.575437063,26.68987762,5.001923077
10204,0.614872263,50.38596715,6.104379562
10205,0.740889831,49.93088983,5.331355932
10206,0.717941176,38.44070588,7.489117647
10207,0.657649254,33.03507463,3.633208955
10208,0.689108911,43.42980198,3.903465347
10209,0.742808219,32.21616438,3.591780822
10210,0.712933754,50.57763407,5.556782334
10211,0.598117647,37.74272941,4.529647059
10212,0.542654028,29.24668246,3.678672986
10213,0.65273224,25.82939891,3.568852459
10214,0.684841629,53.14977376,4.846153846
10215,0.502222222,12.07111111,2.632222222
10216,0.551058201,21.85089947,2.728042328
10217,0.62879257,26.20916409,2.685758514
10218,0.707058824,37.48847059,3.006470588
10219,0.429166667,10.05472222,1.55
10220,0.721784232,33.07917012,4.5406639
10221,0.652264151,38.38483019,4.606037736
10222,0.726179245,51.84424528,5.563207547
10223,0.708090615,47.55951456,6.420711974
10224,0.644101124,39.91511236,4.951685393
10225,0.719950739,50.91694581,4.987192118
10226,0.702807971,37.38498188,5.059963768
10227,0.712025316,46.46585443,4.928164557
10228,0.725,38.44915789,4.119473684
10229,0.654103343,42.56854103,5.886930091
10230,0.63136646,24.91170807,2.667080745
10231,0.494886364,21.54,2.623863636
10232,0.636096257,36.54005348,3.340641711
10233,0.682183908,37.23678161,3.713218391
10234,0.664488636,32.81051136,3.793181818
10235,0.70188,34.11996,4.994
10236,0.676140351,32.87550877,4.144210526
10237,0.490273038,29.8156314,4.135836177
10238,0.601937984,28.92496124,3.909302326
10239,0.68513986,31.40094406,4.220979021
10240,0.689102564,34.20852564,4.996153846
10241,0.680882353,35.60415441,4.622794118
10242,0.707961783,42.50796178,6.301910828
10243,0.701149425,31.6345977,3.154597701
10244,0.678492647,32.97540441,5.061397059
10245,0.7066,51.45136,7.1392
10246,0.556818182,21.09454545,4.432954545
10247,0.655769231,24.70423077,2.5
10248,0.692134831,37.63634831,3.838764045
10249,0.713157895,54.91386997,4.67120743
10250,0.711093248,37.96350482,3.748553055
10251,0.641315789,41.42989474,5.942631579
10252,0.683814103,22.54650641,4.701923077
10253,0.695860927,31.20324503,4.236754967
10254,0.708637874,34.88827243,3.981395349
10255,0.675280899,42.20331461,5.531460674
10257,0.706041131,34.82143959,6.631619537
10258,0.714329268,46.94426829,4.886585366
10259,0.691025641,54.52964744,5.198397436
10260,0.680392157,31.8645098,3.415359477
10261,0.716820276,54.56603687,6.615207373
10262,0.604137931,43.82289655,5.666206897
10263,0.673805147,36.22123162,5.532904412
10264,0.704983389,37.00554817,3.530564784
10265,0.677399381,53.69993808,6.719504644
10266,0.687258065,26.37403226,4.861290323
10267,0.710597015,49.44722388,4.78358209
10268,0.717798595,43.15440281,5.648711944
10269,0.72252907,41.47026163,6.346511628
10270,0.661357702,43.47436031,5.330548303
10275,0.743602694,46.21377104,4.24983165
10277,0.726428571,33.12985714,4.050357143
10278,0.742075472,39.13475472,5.021886792
10279,0.732490975,40.23707581,4.315523466
10280,0.73683274,43.29644128,5.171174377
10284,0.739093407,40.12978022,4.790384615
10286,0.742911877,49.25478927,5.388505747
10288,0.738530466,38.83655914,6.303584229
10292,0.743945313,41.17292969,5.452734375
10293,0.737719298,31.5082807,6.246315789
10296,0.705895197,31.89851528,5.798253275
10297,0.712133891,49.27209205,6.605439331
10300,0.727642276,46.63495935,5.017479675
10304,0.737025316,35.42550633,3.484810127
10305,0.558658009,36.30619048,5.475324675
10306,0.4875,29.99270833,4.214583333
10309,0.723181818,41.54018182,4.628181818
10318,0.728616352,49.08113208,5.462264151
10319,0.71849711,39.81936416,7.005780347
10320,0.716857143,31.33205714,3.353714286
10321,0.731060606,42.99909091,5.067424242
10322,0.667378049,44.62847561,4.42195122
10323,0.720118343,26.46982249,4.815976331
10324,0.716831683,28.76410891,3.946039604
10325,0.711,47.2506,4.791333333
10326,0.4184,24.07064,5.512
10327,0.720658683,41.66317365,4.988023952
10328,0.711676647,33.0139521,5.441317365
10329,0.691883117,31.35636364,3.55974026
10330,0.730714286,30.33907143,3.502857143
10331,0.735267857,38.23321429,4.280357143
10332,0.691150442,30.35247788,3.265486726
10333,0.729237288,36.4070339,4.488135593
10334,0.695495495,41.0827027,4.123423423
10335,0.684782609,37.4446087,4.467826087
10336,0.669130435,32.22486957,3.545217391
10337,0.688,34.55792,3.692
10338,0.605084746,39.57516949,4.258474576
10339,0.725728155,46.41504854,4.519417476
10361,0.724875931,98.48585608,9.343424318
10366,0.648809524,76.835,7.857142857
10367,0.649469697,51.89674242,6.060606061
10371,0.648148148,51.21333333,6.083333333
10373,0.646458333,58.734375,5.541666667
10374,0.65,54.89699301,6.132867133
10375,0.64969163,46.14189427,5.870044053
10376,0.649456522,53.51024457,5.669836957
10377,0.648928571,58.64651786,5.285714286
10378,0.65,57.92590476,5.704761905
10379,0.65,72.59184211,5.684210526
10380,0.649534884,49.37674419,4.194767442
10381,0.649047619,53.29301587,4.857142857
10382,0.649648562,49.95971246,6.123003195
10383,0.647671233,51.15027397,6.287671233
10384,0.64941573,43.83548315,3.919101124
10385,0.648080808,58.8230303,6.323232323
10386,0.64952381,53.01380952,6.662337662
10387,0.649614458,49.62072289,6.009638554
10388,0.649411765,54.91361345,6.176470588
10389,0.649758065,43.74717742,4.608870968
10390,0.65,42.31512605,4.62605042
10391,0.65,39.07324324,4.486486486
10392,0.65,54.053125,6.09375
10393,0.65,80.80089041,8.229452055
10394,0.65,52.53276923,7.061538462
10395,0.646904762,50.13761905,5.553571429
10396,0.65,45.16138462,5.223076923
10397,0.65,49.28428571,5.568452381
10398,0.65,62.53210526,5.75
10399,0.646338028,45.35253521,5.246478873
10400,0.65,40.77448276,5.189655172
10401,0.65,39.20791667,5.3125
10402,0.649525692,43.4915415,5.243083004
10403,0.65,55.16037594,5.293233083
10404,0.65,43.43229075,4.4030837
10405,0.649714286,49.20492308,5.53956044
10406,0.649456522,52.8225,4.565217391
10407,0.65,34.61527778,3.861111111
10408,0.649237288,47.68016949,5.042627119
10409,0.649710145,61.7384058,7.184782609
10410,0.646,56.022,4.7
10411,0.64917847,53.46708215,5.436260623
10412,0.649570313,38.71554688,3.72265625
10413,0.649868421,49.68131579,5.956140351
10414,0.649530686,48.14519856,5.240072202
10415,0.649542857,43.12274286,4.145142857
10416,0.65,48.61429907,4.750778816
10417,0.65,51.32924471,5.422356495
10418,0.65,24.46320988,4.432098765
10419,0.65,37.29644928,4.246376812
10420,0.65,43.27823529,4.239495798
10421,0.648732394,37.53598592,4.348591549
10422,0.649696203,39.70551899,4.181012658
10423,0.649590164,47.41393443,5.840163934
10424,0.65,39.17590909,4.056818182
10425,0.65,45.31393103,4.737931034
10426,0.65,46.04886598,4.569587629
10427,0.649754902,35.61995098,3.463235294
10428,0.65,22.90538462,2.576923077
10429,0.65,40.44659091,5.678030303
10430,0.65,56.4679,5.69
10431,0.65,44.29884354,5.224489796
10432,0.65,42.32842424,4.406060606
10433,0.65,46.22981651,6.376146789
10434,0.65,42.59434783,3.816770186
10435,0.65,31.62786957,4.656521739
10436,0.65,33.19780142,3.578014184
10437,0.65,47.09397727,4.931818182
10438,0.65,28.53936508,3.202380952
10439,0.65,33.30344444,3.811111111
10440,0.65,35.11093985,3.5
10441,0.65,34.84402985,4.402985075
10442,0.65,45.12132948,5.447976879
10443,0.65,38.15100775,3.639534884
10444,0.65,30.11041667,2.604166667
10445,0.65,44.0445,3.8
10446,0.65,37.90707317,4.085365854
10447,0.65,34.86542857,3.376190476
10448,0.65,46.79269231,4.115384615
10449,0.65,34.1617094,3.431623932
10450,0.65,55.69269231,6.269230769
10451,0.65,32.69491935,4.153225806
10452,0.65,34.04373626,4.406593407
10454,0.65,31.44783784,3.148648649
10463,0.553200569,24.59128023,6.141963016
10464,0.646825613,31.27445504,5.986784741
10465,0.600092486,32.63083237,7.196936416
10470,0.638521401,25.55698444,5.269844358
10474,0.63923588,23.51395349,4.375415282
10479,0.660021277,32.96234043,5.096595745
10482,0.666276347,24.94964871,3.878220141
10487,0.534302671,25.03710188,6.332047478
10493,0.598963816,26.94046053,7.097697368
10522,0.651560976,64.45156098,6.94097561
10523,0.573953488,42.4070483,5.866189624
10524,0.605031712,49.44164905,6.930528541
10525,0.550786517,73.91103371,8.623820225
10526,0.583621103,75.99717026,8.400719424
10527,0.646666667,49.8852381,6.442857143
10528,0.617669377,46.3100813,7.512195122
10529,0.589814815,55.26839506,7.020576132
10530,0.627351351,39.58351351,4.280540541
10531,0.57956446,37.34134146,5.743205575
10532,0.532849315,33.11367123,6.767945205
10534,0.611732673,55.42467822,6.95990099
10535,0.624915254,69.32816949,8.106101695
10536,0.592601626,54.95715447,7.136856369
10537,0.419819277,33.83825301,6.544578313
10538,0.62195599,66.0196577,7.174816626
10539,0.584266304,49.2425,7.170923913
10540,0.469054374,43.59598109,5.963120567
10541,0.605810811,57.98010169,7.09527027
10542,0.646767677,67.77481481,7.223232323
10543,0.646220472,36.43007874,5.062204724
10544,0.602661064,59.4970028,5.494677871
10545,0.185833333,13.27361111,10.0037037
10546,0.561168091,62.49433048,6.73019943
10547,0.488313953,37.46866279,6.11744186
10548,0.596512456,48.37640569,5.929893238
10549,0.592732919,57.91226708,6.166770186
10550,0.621967655,66.77522911,5.528032345
10551,0.637358491,59.93779874,6.794968553
10552,0.455833333,32.46038889,5.758611111
10553,0.450188679,22.23924528,4.420754717
10554,0.352601626,13.84439024,5.428455285
10555,0.528012821,41.56291667,4.968814103
10556,0.49698324,61.9102514,7.406424581
10557,0.5930131,58.54296943,6.572489083
10558,0.462347826,37.93013043,5.043695652
10559,0.645776398,69.72447205,6.090062112
10560,0.576784566,64.79196141,7.710289389
10561,0.508960674,54.22786517,7.048033708
10562,0.555105263,59.9825,7.974473684
10563,0.566826347,63.57556886,6.917664671
10564,0.483134328,45.42910448,4.552238806
10565,0.571522989,62.02448276,6.005747126
10566,0.609349593,63.0145122,7.206097561
10567,0.580714286,67.5838,7.316857143
10568,0.595548173,78.34541528,7.405647841
10569,0.616124031,63.98596899,5.78255814
10570,0.609949495,54.56919192,5.540909091
10571,0.616139706,55.56308824,5.387867647
10572,0.382179487,24.91089744,4.883760684
10573,0.591944444,52.23077778,4.894444444
10574,0.483036437,38.30506073,5.35708502
10575,0.631619433,40.03489879,5.378137652
10576,0.588924731,35.33587814,4.594623656
10577,0.444567901,25.64027778,6.520679012
10578,0.592934783,51.7957971,5.588405797
10579,0.640168067,70.75697479,5.872268908
10580,0.416916996,20.71636364,3.806324111
10581,0.520992366,47.97610687,5.561068702
10582,0.544356436,43.04960396,6.107425743
10583,0.6728,69.4368,5.184
10584,0.567247706,50.82825688,5.952293578
10585,0.511,34.46438462,5.106153846
10586,0.471368421,47.36810526,6.338947368
10587,0.484105263,35.01305263,5.921052632
10588,0.586635514,48.77700935,5.28317757
10589,0.598717949,48.96076923,4.628205128
10590,0.58244898,58.57928571,5.870408163
10591,0.59875,59.12238636,5.295454545
10592,0.449433962,29.22169811,5.333018868
10593,0.616458333,55.27802083,6.2
10594,0.524785714,52.93264286,6.500714286
10595,0.486848485,16.53884848,3.676363636
10596,0.550425532,77.6656383,9.314893617
10597,0.589888889,48.92988889,5.721111111
10598,0.454166667,44.48625,5.941666667
10599,0.256173913,10.42347826,6.172173913
10600,0.615730337,86.02573034,7.449438202
10601,0.612643678,68.93655172,6.51954023
10602,0.53,56.45767956,7.684530387
10603,0.528888889,59.93857143,7.453439153
10604,0.459731544,26.45221477,5.198657718
10605,0.454216867,27.71662651,4.918072289
10606,0.580114943,73.65132184,7.175862069
10607,0.563584906,49.83150943,6.403773585
10608,0.602411348,49.30312057,5.209219858
10609,0.517083333,29.39011905,3.782142857
10610,0.601348315,53.34168539,6.21011236
10611,0.58509434,63.27345912,6.563522013
10612,0.481351351,57.46405405,7.928378378
10613,0.569761905,85.78559524,9.727380952
10614,0.481702128,49.84468085,7.491489362
10615,0.573454545,43.21145455,5.629090909
10616,0.375,29.65065217,6.57173913
10617,0.516444444,49.21977778,5.504444444
10618,0.574776119,62.9041791,7.294029851
10619,0.485272727,39.89363636,6.569090909
10620,0.5204,50.4496,6.248
10621,0.566046512,41.62255814,4.565116279
10622,0.57,38.49487805,5.565853659
10623,0.55675,60.72575,7.92
10624,0.578606557,50.79385246,6.091803279
10625,0.5696,41.92586667,5.586666667
10626,0.55443038,56.80455696,7.197468354
10627,0.503863636,25.71329545,7.6625
10628,0.588214286,50.9702381,7.007142857
10629,0.544,46.47117647,6.283529412
10630,0.34375,30.73583333,6.020833333
10631,0.554117647,41.66323529,6.160294118
10632,0.578507463,33.05268657,4.250746269
10633,0.586393443,52.58311475,6.083606557
10634,0.584390244,47.14634146,4.851219512
10635,0.502786885,43.24622951,6.296721311
10636,0.570793651,47.20698413,5.271428571
10637,0.566666667,46.00651515,5.504545455
10638,0.535609756,44.72682927,6.870731707
10639,0.575,65.19736842,7.252631579
10640,0.477843137,19.71980392,5.588235294
10641,0.414912281,34.85149123,6.56754386
10642,0.537575758,43.66666667,6.106060606
10643,0.555344828,33.06448276,6.493965517
10644,0.610897436,40.64153846,5.126923077
10645,0.584479167,49.3990625,5.951041667
10646,0.616521739,52.03695652,6.004347826
10648,0.61828,56.46156627,7.01
10649,0.617888563,51.03231672,5.609970674
10650,0.573432836,36.54029851,5.210447761
10651,0.387428571,30.1667619,5.564761905
10652,0.438333333,27.83,4.7
10653,0.594583333,43.39333333,4.044791667
10654,0.572448378,58.77752212,7.679351032
10655,0.625360825,38.77149485,5.267010309
10656,0.592761394,45.94450402,5.519302949
10657,0.559285714,39.79214286,4.135714286
10658,0.567105263,33.05894737,4.322368421
10659,0.5675,33.990625,4.98125
10730,0.640322581,25.51354839,2.651612903
10731,0.612587413,50.51825175,5.811888112
10733,0.623611111,51.80972222,6.181944444
10734,0.620675676,69.71478378,7.533513514
10735,0.577777778,45.46587302,5.675396825
10736,0.611824324,45.62864865,5.052027027
10737,0.613846154,78.40907692,9.010769231
10738,0.687164179,62.15964179,6.169253731
10739,0.616206897,53.28255172,6.105517241
10740,0.638571429,41.51771429,6.423809524
10741,0.654807692,55.94608974,9.076282051
10742,0.682846715,48.9929927,6.114963504
10744,0.649748744,57.48909548,7.246733668
10745,0.653157895,53.13880702,7.552631579
10746,0.684834123,96.82445498,7.589099526
10747,0.597391304,40.79643478,4.895217391
10748,0.664285714,72.65057143,7.928571429
10749,0.591860465,54.9227907,5.834883721
10750,0.616071429,64.35321429,5.710714286
10751,0.580555556,58.42333333,5.708333333
10752,0.619230769,52.01730769,5.826923077
10753,0.607377049,45.77622951,5.759016393
10754,0.605970149,53.36731343,6.107462687
10755,0.61122449,42.15857143,4.759183673
10756,0.629268293,58.94146341,6.846341463
10757,0.622881356,67.52949153,6.861016949
10758,0.606818182,28.54363636,3.377272727
10759,0.59625,38.24375,4.585
10760,0.624418605,54.3855814,7.339534884
10761,0.624285714,34.70942857,4.877142857
10762,0.620138889,67.51819444,7.170833333
10763,0.625,50.5364,5.418
10764,0.614444444,53.54,5.226666667
10765,0.629807692,45.59846154,6.763461538
10766,0.61119403,79.62164179,8.394029851
10767,0.635833333,63.47766667,5.966666667
10768,0.637254902,44.06901961,4.511764706
10769,0.577631579,28.23447368,3.536842105
10770,0.616129032,56.58096774,6.093548387
10771,0.629591837,45.8855102,5.059183673
10772,0.527966102,31.75779661,4.603389831
10773,0.603846154,58.45961538,6.853846154
10774,0.6225,53.637,5.35
10775,0.602564103,51.52410256,5.612820513
10776,0.620945946,50.42783784,4.910810811
10777,0.606451613,49.40629032,5.541935484
10778,0.598333333,41.78066667,4.91
10779,0.628571429,51.77,5.257142857
10780,0.629545455,36.43727273,4.159090909
10781,0.52037037,46.28796296,6.692592593
10782,0.625714286,62.20885714,7.637142857
10783,0.595945946,59.60432432,6.913513514
10784,0.6171875,64.0778125,6.359375
10785,0.610526316,55.26289474,5.847368421
10786,0.604391892,55.865,5.836486486
10787,0.645813953,35.69162791,5.028837209
10788,0.629411765,31.62745098,5.578431373
10789,0.615862069,27.92206897,6.035172414
10790,0.58125,40.334375,6.406875
10791,0.680588235,34.74294118,4.849705882
10801,0.679863014,52.28613699,8.799917808
10829,0.637496063,58.81299213,7.643007874
10830,0.6756,39.01228333,5.432533333
10831,0.626744574,42.42821369,6.125843072
10834,0.729370817,67.61095047,6.330495315
10835,0.671180952,35.77169524,5.228628571
10839,0.717812114,71.84432633,7.873646477
10840,0.654652778,55.0846627,7.32875
10843,0.686765376,49.24355353,5.996697039
10853,0.648033898,41.07640678,7.550474576
10854,0.705735294,56.14420588,6.380941176
10855,0.709405738,43.27305328,5.114262295
10856,0.682383562,43.99491781,6.062383562
10858,0.646921676,86.55998179,8.523642987
10860,0.679825,67.721825,6.6412
10861,0.695131579,37.72289474,6.92125
10863,0.705762712,37.76576271,4.173502825
10872,0.682293907,81.88222222,8.021792115
10874,0.693324022,86.23801676,6.527122905
10875,0.627560976,54.03645477,8.505219512
10876,0.69537037,66.47651235,9.524259259
10880,0.715766423,74.59638686,7.727262774
10881,0.687975986,78.20037736,6.015283019
10882,0.67310987,48.1855121,5.050726257
10883,0.529009901,32.24366337,6.374488449
10886,0.656218274,72.81398477,9.185
10887,0.703671233,71.03079452,7.54660274
10889,0.650855107,42.19971496,5.01631829
10890,0.706912114,73.64536817,7.492256532
10891,0.696006944,77.415,8.191597222
10892,0.7018,70.77256,7.753
10893,0.672336449,37.16509346,6.476425234
10894,0.682505263,54.43256842,5.703073684
10895,0.675653061,58.5852449,7.243530612
10896,0.698475452,60.54739018,5.577054264
10898,0.684647887,63.65735915,5.984190141
10900,0.727655786,78.12142433,5.700652819
10901,0.644600939,33.81075117,4.88084507
10902,0.623323442,54.44032641,7.531424332
10903,0.625666667,56.76094444,8.512166667
10904,0.705,44.535625,5.565625
10905,0.698895028,83.6719337,8.308674033
10908,0.664465409,50.24591195,7.799371069
10909,0.639318182,38.01977273,6.701704545
10911,0.640418118,61.28839721,9.779094077
10912,0.644213198,66.40187817,9.488477157
10913,0.67088785,60.20135514,6.002383178
10914,0.650656371,61.76370656,6.884942085
10915,0.592253521,48.68495775,8.06228169
10916,0.662618026,59.63815451,7.292575107
10917,0.7024,51.41346667,5.868933333
10918,0.631788079,50.73139073,6.937483444
10919,0.684035874,77.03255605,8.186367713
10920,0.689399293,83.63996466,6.203674912
10921,0.691687117,80.83717791,7.213466258
10922,0.704615385,79.76423077,6.301461538
10923,0.669770992,77.67561069,8.165839695
10924,0.678454259,78.86012618,8.681041009
10925,0.574036145,30.27069277,5.732078313
10926,0.623445693,51.08074906,6.469325843
10927,0.709263158,46.02189474,4.296105263
10928,0.722359551,42.07050562,5.033651685
10929,0.660532787,63.85762295,6.14647541
10930,0.66216,56.62312,7.24792
10931,0.655700326,54.52863192,7.323224756
10932,0.691643836,66.50496575,7.854109589
10933,0.659803371,66.15115169,6.364297753
10934,0.707830882,68.16639706,7.180661765
10935,0.668713693,51.92078838,6.562904564
10936,0.616019108,53.17197452,6.003853503
10937,0.65135514,69.9838785,6.686074766
10938,0.693828571,71.84074286,6.8656
10939,0.627574257,59.4759901,5.706485149
10940,0.653939394,55.08406926,6.524112554
10941,0.645069124,63.61336406,8.473686636
10942,0.650659341,45.83974359,5.387912088
10943,0.582877698,57.95705036,8.736043165
10944,0.654517766,57.99812183,6.531167513
10945,0.588740741,63.5722963,8.284518519
10946,0.681596244,50.39502347,5.792347418
10947,0.575873016,28.05444444,6.282301587
10948,0.629862385,47.57490826,7.369678899
10949,0.608045113,67.14229323,10.56567669
10950,0.644888889,67.92395556,9.001066667
10951,0.632148438,43.76089844,5.463085938
10952,0.611705426,38.07600775,5.725891473
10953,0.627833333,44.28758333,5.3455
10954,0.588452381,57.0847619,5.96672619
10955,0.64456,56.08032,5.27576
10956,0.647371429,49.93502857,6.209257143
10957,0.6672,38.8057,5.0527
10958,0.652809917,46.90421488,5.838264463
10959,0.583164557,53.17514768,6.788016878
10960,0.635096774,67.53509677,6.279612903
10961,0.5721875,37.63260417,5.621770833
10962,0.615,45.57510638,5.980425532
10963,0.506073059,61.9730137,8.230684932
10964,0.583367876,57.69455959,7.763316062
10965,0.610092593,41.42634259,4.498842593
10966,0.613576159,47.27066225,4.14807947
10967,0.672016129,71.56306452,6.097822581
10968,0.586,28.72083871,6.003096774
10969,0.539188034,51.53226496,6.620555556
10970,0.364074074,7.064567901,3.251604938
10971,0.64547619,78.04842857,7.309857143
10972,0.649495798,65.0412605,5.972563025
10973,0.629876033,90.59082645,6.970702479
10974,0.640867347,75.80352041,7.14877551
10976,0.614897959,40.43489796,4.870612245
10977,0.611785714,28.02910714,5.618392857
10978,0.609591837,45.90428571,5.905714286
10979,0.592395833,40.34947917,4.645208333
10980,0.649117647,60.69941176,6.058627451
10981,0.557844828,31.64017241,5.7375
10982,0.607714286,45.35571429,5.847714286
10983,0.643837209,60.13906977,7.154651163
10984,0.551437908,43.87058824,8.214117647
10985,0.562857143,34.01107143,4.785357143
10986,0.689359606,90.30211823,8.228916256
10987,0.60456,82.24248,8.1452
10988,0.64377907,45.75976744,6.499069767
10989,0.462272727,28.75318182,5.392727273
10990,0.625308642,66.36271605,5.748641975
10991,0.610089286,55.29696429,6.077321429
10992,0.623913043,44.55108696,7.31423913
10993,0.638666667,79.43293333,9.989911111
10994,0.646203704,71.67310185,7.534444444
10995,0.598222222,39.70022222,6.086666667
10996,0.476578947,27.34289474,5.661052632
10997,0.626689189,50.57993243,6.906216216
10998,0.648454545,70.97854545,6.568272727
10999,0.439259259,19.15185185,8.580740741
11000,0.661507937,66.05761905,6.418492063
11001,0.624516129,40.65924731,5.635483871
11002,0.641517857,51.01,7.582767857
11003,0.663080357,50.68977679,5.588258929
11004,0.574044944,44.03617978,7.163707865
11005,0.605549133,62.43514451,10.96971098
11006,0.579502762,46.00281768,7.07839779
11007,0.598409091,60.80954545,8.801306818
11008,0.643661972,45.45387324,5.834225352
11009,0.575865922,58.44776536,8.388324022
11010,0.637428571,52.38164286,6.124142857
11011,0.53,37.57453488,5.675465116
11012,0.507954545,22.84386364,4.451136364
11013,0.632857143,64.24204082,5.374489796
11014,0.540930233,15.65953488,3.246046512
11015,0.62875,45.08013158,4.897565789
11016,0.456551724,9.673103448,3.201034483
11017,0.65622807,47.04438596,4.473333333
11018,0.650692308,34.55015385,5.801230769
11019,0.625961538,48.48692308,5.330961538
11020,0.6728125,74.87525,6.6345
11021,0.653478261,50.57043478,4.354782609
11022,0.674911243,58.37159763,5.501183432
11023,0.64528169,40.86112676,6.335422535
11024,0.659910714,51.99544643,7.014375
11025,0.67487013,53.32857143,5.16512987
11026,0.684444444,42.04518519,4.653055556
11027,0.668150685,47.18589041,4.009041096
11028,0.674358974,56.95262821,5.970128205
11029,0.678513514,54.19202703,6.989594595
11030,0.674615385,54.31666667,5.671346154
11031,0.655192308,45.79615385,4.922564103
11032,0.64245509,62.28616766,5.509221557
11033,0.65745283,70.92849057,6.156698113
11034,0.689391304,64.396,6.304956522
11035,0.656964286,55.2760119,5.074107143
11036,0.656388889,38.0725,4.191388889
11037,0.638846154,56.46910256,6.035512821
11038,0.628695652,43.31913043,5.157391304
11039,0.677321429,71.59383929,7.575178571
11040,0.663184713,50.61961783,3.796242038
11041,0.641792453,53.24009434,5.936320755
11042,0.622330097,59.05019417,7.129223301
11043,0.67127451,54.24901961,5.624901961
11044,0.516727273,21.901,4.524636364
11045,0.591923077,48.12769231,4.540384615
11046,0.652061856,46.94793814,5.17371134
11047,0.669907407,52.50342593,4.188888889
11048,0.61944,34.732,3.66424
11049,0.644358974,37.00282051,5.663846154
11050,0.618606557,39.65295082,4.241393443
11051,0.659210526,36.14342105,4.238596491
11052,0.567933884,24.61793388,3.560413223
11053,0.629368421,35.03105263,5.316105263
11054,0.4712,30.694,5.4252
11055,0.633673469,51.98020408,5.743979592
11056,0.6178125,32.62072917,3.655208333
11057,0.589565217,50.93315217,4.565652174
11058,0.657572816,51.60291262,5.112330097
11059,0.683548387,46.42333333,4.184301075
11060,0.622985075,41.85895522,4.412089552
11061,0.632238806,25.7161194,4.206567164
11062,0.673835616,55.28931507,5.75260274
11063,0.657352941,39.77867647,4.999117647
11064,0.6628125,62.0165625,5.94484375
11065,0.65,40.9415493,4.615774648
11066,0.685,41.30513889,3.957083333
11067,0.661343284,44.79089552,6.494776119
11072,0.731266447,86.94557566,9.534539474
11073,0.670711009,47.48880734,7.21983945
11074,0.644162679,72.97803828,9.080526316
11075,0.654888889,31.58777778,3.978222222
11076,0.696735537,87.54297521,8.64714876
11077,0.572,37.8968,5.015
11078,0.593488372,22.65976744,3.135116279
11079,0.48,23.44090909,4.462727273
11080,0.852430939,78.74453039,8.077348066
11081,0.809737991,100.411048,7.858951965
11082,0.856283186,85.72457227,9.32979351
11083,0.843638298,95.07374468,7.756382979
11084,0.90443956,172.6212527,11.27626374
11085,0.853430657,100.0283212,9.30729927
11086,0.833521595,165.7556312,12.04435216
11087,0.915880399,151.0394684,11.59003322
11088,0.887014085,88.34943662,9.113521127
11089,0.89593254,144.8342063,10.28115079
11090,0.853255814,98.06598837,9.377906977
11091,0.830744417,134.7274938,9.361538462
11092,0.909561644,117.326274,9.009041096
11093,0.823355705,61.5397651,7.374832215
11094,0.88215971,100.5158984,9.379491833
11096,0.833528184,144.2908351,10.62108559
11099,0.863428571,85.96507692,7.004615385
11100,0.784219653,83.40959538,8.573988439
11101,0.851586667,130.47456,8.541733333
11102,0.850546218,90.76512605,7.526470588
11103,0.866797671,121.8031878,10.00363901
11109,0.788776978,46.12978417,6.05971223
11110,0.900635593,131.4961582,8.497457627
11111,0.900952381,100.568119,8.043333333
11113,0.844325153,104.1839571,8.008128834
11114,0.819521989,82.42837476,8.181835564
11115,0.748839286,68.93467262,5.09702381
11116,0.84669967,134.0061881,10.84207921
11117,0.821233766,75.29285714,7.612987013
11118,0.801501832,130.2007143,8.611172161
11119,0.868565489,127.3865696,8.520790021
11120,0.863015873,78.80730159,6.176719577
11121,0.872142857,96.03186813,7.242582418
11122,0.850894454,82.25416816,9.025044723
11123,0.855185185,91.97656085,7.528835979
11124,0.883705179,76.3147012,6.106772908
11125,0.864950658,107.502977,8.720230263
11126,0.762807018,53.3827193,8.262280702
11127,0.867932692,122.3525962,8.449679487
11128,0.827314149,90.40088729,7.434532374
11129,0.812348668,79.30789346,7.490799031
11130,0.876334107,109.6458701,9.083990719
11136,0.825035714,51.98671429,4.035357143
11140,0.879382022,99.49662921,7.480337079
11141,0.847854545,102.5122545,7.036363636
11142,0.848384146,171.9573476,9.62195122
11143,0.73980198,78.47722772,7.662376238
11144,0.846338028,106.2996948,8.636384977
11145,0.867825243,119.808699,10.02349515
11146,0.864354067,109.5014833,8.880861244
11147,0.811085526,143.9504605,10.95328947
11148,0.856054422,100.8548073,6.679818594
11149,0.864519231,78.40730769,6.319230769
11150,0.836434109,80.6644186,7.53875969
11151,0.846004902,110.1622549,7.691176471
11152,0.849427313,79.79039648,6.601321586
11153,0.866166282,169.3162818,8.783140878
11154,0.850522766,101.4088196,7.092074199
11155,0.847804233,125.3281217,11.56349206
11156,0.842666667,109.8757778,7.420555556
11157,0.767732794,114.4900405,7.825101215
11158,0.793684211,93.51561404,6.624561404
11159,0.832982456,112.4788596,8.077192982
11160,0.887173913,104.4976087,7.157608696
11161,0.897156863,93.45147059,5.90245098
11162,0.863126294,116.975176,7.474534161
11163,0.865543478,126.7091848,9.114673913
11164,0.854385593,79.42483051,5.478389831
11165,0.872463768,125.6147826,7.934299517
11166,0.870144231,100.0427404,7.001442308
11167,0.814166667,75.03134615,6.203205128
11168,0.843515982,90.11328767,6.023744292
11169,0.859115044,91.78,8.530309735
11170,0.865731225,82.86450593,6.43083004
11171,0.866707022,120.8837288,8.704358354
11172,0.817773279,148.7957895,8.730769231
11173,0.865862069,153.928046,10.03908046
11174,0.873425414,100.8381768,7.47679558
11175,0.869102564,157.4316026,9.147115385
11176,0.852424242,89.63109091,6.834545455
11177,0.858873239,102.2230634,6.906338028
11178,0.878969072,117.2207216,7.922164948
11179,0.886903766,126.6639331,8.177405858
11180,0.82354717,102.2861509,7.581132075
11181,0.851254125,117.8781848,7.49339934
11182,0.863532764,141.9618803,8.435612536
11183,0.856430518,119.1101635,8.161580381
11184,0.833939394,111.8936364,6.940909091
11185,0.859047619,214.0290476,9.850793651
11186,0.814140625,91.98335938,8.08125
11187,0.877870036,111.7244043,10.13176895
11188,0.847453416,153.8811801,9.732919255
11189,0.860454545,75.5025,7.128409091
11190,0.856993865,130.2860736,11.11656442
11191,0.86,115.7130345,10.01586207
11192,0.808218623,126.0937652,9.685425101
11193,0.85675,148.067,8.9375
11194,0.862857143,113.638882,7.559627329
11195,0.866666667,104.7150877,8.238011696
11196,0.874050633,96.2543038,7.541139241
11197,0.868899083,126.5763303,8.165137615
11198,0.864814815,85.29481481,7.150617284
11199,0.851136364,157.1147727,9.398484848
11200,0.875614035,95.88859649,6.871929825
11201,0.880625,99.8696875,8.303125
11202,0.863636364,87.05818182,5.693181818
11203,0.827948718,36.06128205,5
11204,0.832241379,166.9374138,10.12586207
11205,0.865338346,137.8894737,7.781954887
11206,0.882266667,150.2396,9.777333333
11207,0.820903226,128.4690968,8.41483871
11208,0.850965909,103.8016477,7.434090909
11209,0.840732984,94.97623037,6.376963351
11210,0.823874346,50.40743455,6.29895288
11211,0.867798742,122.3623899,7.737735849
11212,0.841180124,76.28142857,7.638509317
11213,0.866995305,101.1698122,6.803286385
11214,0.869106383,85.10791489,6.082553191
11215,0.85566879,105.102293,7.222929936
11216,0.846988636,80.39857955,6.693181818
11217,0.87147541,90.40393443,6.329508197
11218,0.861689189,126.7835135,8.032432432
11219,0.858012048,121.0562651,6.83313253
11220,0.869339623,131.6682075,9.043867925
11221,0.865851064,106.8876596,7.942553191
11222,0.872984293,82.58685864,6.160732984
11223,0.841929825,78.57140351,7.107017544
11224,0.867094595,131.5402027,9.467567568
11225,0.876490066,121.6939073,7.869536424
11226,0.855822785,130.5606329,8.812658228
11227,0.850748299,128.2065986,9.254421769
11228,0.8625,102.6130556,7.766666667
11229,0.874146341,113.4525203,7.217886179
11230,0.874705882,102.6455882,7.367647059
11231,0.85,70.198125,6.81875
11232,0.8625,87.6725,7.529545455
11233,0.8709375,101.1596875,6.4234375
11234,0.852231405,75.86421488,7.280165289
11235,0.839545455,137.7661818,8.34
11236,0.87027027,117.4383784,7.960810811
11237,0.854615385,36.99961538,4.992307692
11238,0.856746988,84.18578313,6.014457831
11239,0.852168675,112.7450602,8.471084337
11240,0.886460177,112.2715929,8.807079646
11241,0.873636364,87.60929293,5.925252525
11242,0.865420561,71.51906542,5.604672897
11243,0.865703704,85.79407407,7.202962963
11244,0.865773196,100.8193814,7.864948454
11245,0.854385965,103.197193,5.9
11246,0.868315789,125.9943158,7.607368421
11247,0.862941176,98.34610294,6.242647059
11248,0.812105263,89.78644737,5.988157895
11249,0.840076923,51.45615385,5.793846154
11250,0.815714286,81.81489796,6.648979592
11251,0.859230769,138.3262637,7.981318681
11252,0.857159091,100.5156818,6.169318182
11253,0.846931818,93.12465909,5.947727273
11254,0.837777778,89.2987037,5.387037037
11255,0.83625,77.89541667,6.945833333
11256,0.866033058,120.8704132,7.916528926
11257,0.874615385,76.79428571,5.610989011
11258,0.860583333,104.322,7.8175
11259,0.881358025,143.4420988,9.164197531
11260,0.854021739,111.1113043,7.535869565
11261,0.841848739,77.61,5.703361345
11262,0.879210526,83.09157895,5.342105263
11263,0.84461039,60.2312987,5.15974026
11264,0.828232323,115.9655051,7.634343434
11265,0.85168,52.93232,4.7736
11266,0.846666667,87.36376068,5.762393162
11267,0.842903226,90.70193548,6.340322581
11268,0.841949153,86.46144068,6.03220339
11269,0.827702703,71.14824324,7.109459459
11270,0.861333333,81.16488889,5.654444444
11271,0.86699115,73.27159292,6.114159292
11272,0.854875,82.215875,6.93
11273,0.854242424,57.86358586,4.328787879
11274,0.849310345,105.3478161,6.316091954
11275,0.851269841,109.7988889,6.56031746
11276,0.787678571,60.60642857,7.6
11277,0.840113636,91.60113636,5.7625
11278,0.869166667,105.7959259,6.450925926
11279,0.848939394,46.31151515,4.763636364
11280,0.842444444,72.12522222,6.734444444
11281,0.871827957,111.631828,7.559139785
11282,0.8685,100.3606667,7.320833333
11283,0.843428571,59.614,4.582857143
11284,0.830652174,78.13695652,7.384782609
11285,0.850454545,146.3654545,7.936363636
11286,0.848333333,70.341875,4.614583333
11287,0.846521739,68.37717391,4.667391304
11288,0.88440678,90.71237288,5.76779661
11289,0.868333333,85.01575758,6.265151515
11290,0.859009009,86.86396396,6.794594595
11291,0.848202247,112.4932584,6.704494382
11292,0.671428571,75.67821429,6.553571429
11293,0.815172414,59.82103448,4.386206897
11294,0.84037037,107.8818519,6.818518519
11295,0.723913043,30.92456522,5.315217391
11296,0.77,110.8236585,7.93902439
11297,0.861495327,47.69514019,5.728971963
11298,0.872857143,101.957551,7.887755102
11299,0.839285714,126.2457143,6.889285714
11300,0.869701493,162.9904478,8.608955224
11301,0.797407407,61.25888889,5.974074074
11302,0.834035088,73.77280702,6.659649123
11303,0.798636364,28.54863636,2.845454545
11304,0.844337349,61.11313253,4.836144578
11305,0.851521739,66.05608696,5.067391304
11306,0.854,64.40075,5.9425
11307,0.84852459,109.1352459,7.032786885
11308,0.873636364,114.8531818,7.831818182
11309,0.85216,103.61448,6.6832
11310,0.861182796,136.9227957,8.060215054
11311,0.877105263,107.1628947,6.239473684
11312,0.8768,132.8788,8.082
11313,0.813529412,75.56058824,4.432352941
11314,0.862580645,93.63107527,5.792473118
11315,0.824651163,70.26651163,5.146511628
11316,0.860512821,60.17589744,5.851282051
11317,0.858536585,84.63804878,5.926829268
11318,0.855858586,103.7444444,6.306060606
11319,0.841,103.1925,6.246666667
11320,0.837931034,103.802069,7.475862069
11321,0.889010989,81.93494505,6.00989011
11322,0.858514851,70.74554455,6.001980198
11323,0.882083333,55.57875,4.733333333
11324,0.859032258,106.6917742,8.209677419
11325,0.860294118,49.24647059,5.282352941
11326,0.853409091,56.52840909,5.368181818
11327,0.857285714,117.2992857,7.154285714
11328,0.868,60.772,5.133333333
11329,0.862173913,45.76130435,4.369565217
11330,0.839090909,70.09931818,6.25
11331,0.833913043,37.67869565,6.208695652
11332,0.865416667,78.45125,4.375
11333,0.864615385,86.21038462,5.773076923
11334,0.823333333,58.96571429,3.328571429
11335,0.861666667,138.145,7.985714286
11336,0.853576642,117.4272993,7.689781022
11337,0.856056338,93.34119718,6.220422535
11338,0.818181818,58.52272727,4.859090909
11339,0.862948718,95.88141026,7.224358974
11340,0.86987013,101.0279221,6.107792208
11341,0.852941176,94.15676471,7.108823529
11342,0.830277778,70.95416667,4.755555556
11343,0.8525,113.9163095,7.277380952
11344,0.8416,43.6232,3.672
11345,0.870967742,159.3954839,9.101075269
11346,0.865090909,121.7876364,6.792727273
11347,0.842777778,61.74236111,6.718055556
11348,0.8403125,97.2734375,7.484375
11349,0.860181818,72.70545455,4.929090909
11350,0.830952381,27.2347619,5.628571429
11351,0.859558824,70.57029412,5.448529412
11352,0.84557377,77.4052459,5.703278689
11353,0.84265625,60.38609375,5.9859375
11354,0.857530864,110.0098765,6.64691358
11355,0.848108108,94.72810811,6.789189189
11356,0.842380952,54.52460317,4.6
11357,0.843103448,50.06275862,3.420689655
11358,0.855238095,67.87666667,5.938095238
11359,0.861923077,43.93076923,4.603846154
11360,0.863714286,66.55285714,4.834285714
11361,0.831666667,81.04722222,5.031481481
11362,0.842666667,66.485,5.68
11363,0.846857143,46.97542857,4.06
11364,0.834285714,64.77888889,5.252380952
11365,0.851212121,60.84727273,4.642424242
11366,0.845,49.46705882,4.517647059
11367,0.856101695,100.0588136,6.533898305
11368,0.863095238,48.11095238,4.826190476
11369,0.865555556,63.43638889,4.516666667
11370,0.823802817,65.09,5.35915493
11371,0.842131148,77.16442623,6.636065574
11372,0.85097561,32.71121951,3.192682927
11373,0.86047619,50.94928571,5.226190476
11374,0.825076923,43.29369231,3.844615385
11375,0.850689655,53.23551724,5.051724138
11376,0.849268293,78.72268293,4.982926829
11399,0.79954955,69.15738739,5.84954955
11400,0.854625,115.878375,9.0125
11401,0.877755102,95.93795918,6.503061224
11402,0.856860465,86.21406977,6.201162791
11403,0.876170213,78.06138298,6.604255319
11404,0.859615385,112.0640385,6.057692308
11405,0.831415094,114.8350943,5.91509434
11406,0.865538462,75.08753846,6.68
11407,0.868988764,122.7079775,8.323595506
11408,0.864711538,86.16509615,5.321153846
11410,0.503448276,38.81206897,6.000172414
11411,0.601561086,59.80902494,7.238914027
11412,0.586504854,55.94665049,6.644466019
11417,0.359061372,30.34942238,7.647906137
11424,0.530924855,38.5932948,5.636531792
11425,0.507363184,34.42800995,6.350049751
11426,0.417088608,38.53919831,7.966118143
11432,0.468401361,22.74270548,7.218741497
11435,0.655971564,59.69817536,6.144881517
11436,0.608558559,49.40968468,7.13045045
11441,0.566173469,62.64497436,8.767831633
11443,0.47942029,35.11323671,6.643381643
11445,0.639170507,45.17223256,5.886682028
11447,0.61533137,50.55620029,5.776391753
11448,0.467961165,31.60665025,6.139902913
11450,0.387282913,31.93495702,7.907759104
11451,0.600913706,57.80354592,7.05819797
11453,0.589770115,61.95333333,8.741781609
11454,0.652144772,77.31922252,6.961809651
11455,0.678686275,78.36133595,6.837411765
11460,0.534694323,46.39868709,8.224366812
11461,0.501530612,61.62810345,10.7044898
11463,0.621609195,63.66313462,7.458618042
11464,0.55751462,37.44645161,6.038362573
11468,0.509846154,35.01864198,7.683507692
11484,0.629351621,36.13746867,5.124613466
11485,0.332086614,18.03329317,5.632086614
11486,0.585294118,35.20782895,4.732091503
11489,0.618404255,44.4206383,6.821468085
11490,0.461020408,22.51529167,5.133714286
11491,0.576336996,36.77959484,5.476446886
11492,0.26371134,11.74761658,6.507164948
11493,0.63892916,55.29253707,6.139637562
11494,0.614870849,36.17516605,4.812619926
11495,0.55125,47.50895981,7.433278302
11496,0.584880383,38.52188995,5.927511962
11497,0.488488372,31.72721569,5.327898833
11498,0.682896725,58.03581864,6.027329975
11499,0.633544018,36.80592255,4.390677201
11500,0.489095315,40.34249191,9.512071197
11501,0.599090909,49.19095344,6.466288889
11502,0.561589958,41.07288703,6.555188285
11504,0.607934509,45.09522843,6.170503778
11505,0.588866397,41.75688259,5.916072874
11506,0.458223553,44.67871486,9.180399202
11507,0.641514085,47.29739437,6.258661972
11508,0.605686275,54.58600437,8.186405229
11510,0.524534884,38.92835294,6.36372093
11511,0.600179718,45.47226512,5.460141207
11512,0.553182442,40.98971114,5.825953361
11513,0.573076923,53.49490385,7.132596154
11514,0.592076923,45.86421594,6.712923077
11515,0.651089918,55.21273224,6.2673297
11516,0.548801775,57.20787834,9.480502959
11517,0.542541899,46.40055866,6.886899441
11518,0.679439374,61.70994785,6.716897001
11519,0.63752193,56.99475877,8.226798246
11520,0.696949153,48.02033898,4.412711864
11521,0.580702541,53.55734234,9.039088191
11522,0.4866,32.11001821,6.871894353
11523,0.586856369,21.47858311,3.253441734
11524,0.535012723,25.93727041,4.423231552
11525,0.449604167,40.54075157,6.869479167
11526,0.676075949,53.06072034,6.389446809
11527,0.6396,28.1888,3.848
11528,0.579459459,42.89211302,5.906044226
11529,0.438349057,23.6684434,6.292274882
11530,0.620354223,31.92741144,4.381934605
11531,0.45957529,38.90440154,6.958301158
11532,0.440505051,33.80734694,6.121010101
11533,0.525961071,48.07163017,10.09508516
11534,0.389370079,21.74913386,5.45480315
11535,0.605779817,43.72948012,5.459021407
11536,0.550149254,30.78716418,5.17761194
11537,0.600106762,53.42003559,6.56797153
11538,0.533661972,41.61267606,7.571830986
11539,0.418408304,41.68110727,8.953287197
11540,0.498368794,28.96978723,5.966950355
11541,0.428888889,44.87007407,8.995925926
11542,0.490896552,28.10931034,6.319444444
11543,0.640740741,41.11412037,4.30962963
11544,0.561590909,45.65465909,7.256818182
11545,0.515164835,35.2121978,4.807692308
11546,0.563043478,34.0547205,5.544099379
11547,0.37902439,19.05963415,4.868902439
11548,0.379,10.50633333,3.163333333
11549,0.672349398,46.10951807,5.324698795
11550,0.436473214,30.27138393,6.110267857
11551,0.387234043,21.02678571,5.317142857
11552,0.63304,28.406,4.8408
11553,0.495987261,28.54904459,4.994585987
11554,0.636153846,25.13384615,3.765384615
11555,0.616615385,48.14,5.709230769
11556,0.619915966,47.63327731,6.569747899
11557,0.512094241,40.7113089,7.372774869
11558,0.545156951,25.7967713,4.813004484
11559,0.496410256,29.46410256,5.153076923
11560,0.411554054,30.03033784,6.858108108
11561,0.54943038,44.67848101,6.252531646
11562,0.529037433,33.56657754,4.794117647
11563,0.558648649,33.99594595,5.824324324
11564,0.416086957,18.45048913,5.136956522
11565,0.494857143,30.03817143,4.994857143
11566,0.4725,30.5331,6.29
11567,0.430337079,27.75157303,6.502977528
11568,0.475774648,30.44929577,5.151408451
11569,0.34233871,21.56919355,6.534274194
11570,0.487125749,28.68508982,6.281197605
11571,0.26398374,15.44739837,4.401626016
11572,0.4936,36.97928,6.7848
11573,0.365847458,27.56398305,5.974576271
11574,0.434456522,18.34130435,3.72173913
11575,0.343125,17.934375,4.58125
11576,0.431911765,27.22544118,6.169117647
11577,0.192692308,8.293333333,4.291025641
11617,0.644545455,39.46794195,5.118896104
11619,0.637513455,42.02111111,6.171905274
11621,0.546799308,39.15240214,5.976643599
11622,0.612845304,40.26560563,5.382596685
11628,0.621252567,39.64431866,4.789527721
11632,0.595454545,41.41571429,6.468686869
11636,0.637222222,47.51247166,5.794444444
11644,0.565057471,33.27492991,5.096689655
11645,0.583221289,40.35634783,5.113165266
11646,0.637192623,47.20342324,5.162459016
11647,0.61900369,38.45716981,4.28597786
11650,0.62026455,41.12291785,4.87037037
11654,0.512297297,23.92167224,5.532432432
11655,0.6104,29.94877841,4.104773333
11656,0.563619403,28.62076305,3.945970149
11658,0.634821429,50.88216129,6.488095238
11659,0.452542373,21.59050847,4.724237288
11660,0.555230769,31.33623418,4.315692308
11661,0.581818182,29.56921147,3.419191919
11662,0.630508021,40.55945652,4.196203209
11663,0.632534247,46.76811847,4.945856164
11664,0.593402778,43.64249123,5.255347222
11665,0.609541985,39.61220745,5.396361323
11666,0.537735849,45.66650943,6.345188679
11667,0.612313433,43.38022901,5.888992537
11668,0.24609375,0,4
11669,0.237179487,10.37052632,3.952991453
11670,0.322183099,0,4.218309859
11671,0.567333333,0,3.943333333
11672,0.546604938,41.49204969,4.990740741
11673,0.459223301,0,5.063106796
11674,0.549621212,36.92494163,5.564469697
11675,0.45387931,25.9989823,4.873405172
11676,0.495721925,22.51782857,3.807486631
11677,0.513736264,41.8956044,6.238461538
11678,0.613687151,34.31164773,4.49273743
11679,0.537272727,24.58933962,3.975181818
11681,0.619672131,41.29125,3.366557377
11682,0.61,43.17875,4.597058824
11683,0.227981651,0,3.541284404
11684,0.521505376,26.15951351,4.551075269
11685,0.612424242,32.2895,4.109090909
11686,0.495098039,37.904,5.562091503
11687,0.478220859,29.10265432,4.543006135
11688,0.481954887,20.53415385,4.033834586
11689,0.4875,29.61404762,6.143490566
11690,0.508227848,36.80518987,4.50721519
11691,0.522761905,24.41715686,3.219047619
11692,0.588343558,56.57321839,6.426134969
11693,0.588974359,34.99125,5.424153846
11694,0.578608247,44.69290155,6.065670103
11695,0.481818182,31.11504132,6.457024793
11696,0.468518519,24.2727451,5.514814815
11697,0.556521739,44.16202899,6.954927536
11698,0.523333333,36.30195804,5.336333333
11699,0.504117647,50.12623529,8.288117647
11700,0.585357143,46.5140146,5.667285714
11701,0.554615385,35.98169231,3.915384615
11702,0.574107143,40.21962264,5.486071429
11703,0.206363636,12.16490909,4.790909091
11704,0.561538462,32.64615385,5.935692308
11705,0.451162791,34.60151163,5.523604651
11706,0.373913043,25.02,7.307826087
11707,0.458247423,41.5457732,8.698865979
11708,0.541,44.5434,6.212933333
11709,0.476923077,30.07046154,7.290307692
11710,0.464615385,43.61123077,8.205384615
11711,0.489795918,41.29489796,7.801020408
11712,0.1875,17.64275,7.7535
11713,0.604166667,51.54444444,7.25125
11714,0.383,25.4938,5.637
11715,0.542528736,34.26137931,5.788275862
11716,0.514754098,40.2004918,5.994098361
11717,0.5628,45.24,7.96128
11718,0.462328767,38.88,7.267534247
11719,0.541666667,31.24869048,5.812857143
11720,0.612264151,58.18660377,7.704339623
11721,0.570253165,36.44278481,6.365443038
11722,0.604807692,40.97451923,6.610096154
11723,0.545081967,46.46606557,7.295245902
11724,0.570666667,44.34586667,7.102266667
11725,0.534810127,44.78265823,6.744556962
11726,0.604166667,44.70564815,8.614907407
11727,0.565333333,46.29546667,6.588933333
11728,0.58,41.134625,5.0375
11729,0.35212766,37.10085106,8.403191489
11730,0.566666667,56.44947368,7.240701754
11731,0.571186441,36.14389831,4.920169492
11732,0.553061224,35.83244898,5.744897959
11733,0.575609756,43.46853659,7.647317073
11734,0.518390805,38.72344828,6.285402299
11735,0.51,43.8705,7.731
11736,0.584615385,51.54846154,7.692307692
11737,0.587387387,41.6590991,5.424954955
11738,0.542857143,58.7455102,9.577346939
11739,0.523364486,49.93869159,9.310934579
11740,0.586046512,50.25697674,6.907093023
11741,0.57734375,39.3875,6.6825
11742,0.606593407,42.18527473,6.031978022
11743,0.572413793,37.30551724,4.657931034
11744,0.524137931,43.31034483,6.820689655
11745,0.584649123,40.7295614,5.991666667
11746,0.557692308,43.32172414,6.242051282
11747,0.575742574,41.85514851,6.567128713
11748,0.552173913,39.53869565,6.052608696
11749,0.472222222,36.6,6.166481481
11750,0.611637931,49.93594828,7.8275
11751,0.409130435,26.07217391,6.834521739
11752,0.442857143,33.64206349,6.108253968
11753,0.563291139,33.97632911,4.774177215
11754,0.552409639,33.00493976,5.053493976
11755,0.515131579,33.83078947,6.356776316
11756,0.589230769,51.83015385,7.977384615
11757,0.597368421,39.0612782,6.166315789
11758,0.531818182,23.47318182,4.181818182
11759,0.186363636,14.21227273,6.048181818
11760,0.2046875,16.1634375,6.433125
11761,0.525806452,40.20741935,6.118064516
11762,0.341666667,22.35833333,5.680833333
11763,0.515753425,30.19356164,5.298082192
11764,0.435294118,29.45382353,5.532058824
11765,0.424193548,25.60290323,5.496129032
11766,0.360526316,27.44486486,7.312894737
11767,0.388333333,26.296,7.986333333
11768,0.493,34.7112,6.2282
11769,0.503030303,39.82181818,6.123636364
11770,0.377777778,29.13833333,6.239444444
11771,0.214285714,13.64071429,5.919761905
11772,0.415151515,20.93909091,5.148787879
11773,0.271875,15.6496875,5.8925
11774,0.546511628,38.87651163,5.871860465
11775,0.46,24.472,5.194857143
11776,0.600649351,33.64012987,4.077532468
11777,0.495121951,36.6804878,7.282439024
11778,0.455,34.91225,5.6065
11779,0.427272727,25.53484848,5.524545455
11780,0.504,27.0836,5.0368
11781,0.438636364,25.05431818,6.114545455
11782,0.219444444,8.536944444,3.568333333
11783,0.518421053,38.23245614,5.641578947
11784,0.071153846,2.773846154,4.504230769
11785,0.190909091,13.61030303,7.353636364
11786,0.509677419,48.11774194,6.785806452
11787,0.419117647,31.47794118,6.775882353
11788,0.562903226,35.77790323,6.47516129
11789,0.502941176,26.94647059,5.555
11790,0.351315789,24.82473684,5.214473684
11791,0.216666667,10.99,4.883611111
11792,0.578395062,41.26308642,5.812345679
11793,0.533333333,39.65566667,4.978666667
11794,0.4796875,33.20625,7.193125
11795,0.303488372,17.88595238,6.562790698
11796,0.252173913,13.01086957,4.326521739
11797,0.428571429,18.15714286,4.322380952
11798,0.515217391,50.4273913,9.030434783
11799,0.332608696,10.9173913,2.194347826
11800,0.5,26.48358974,5.073589744
11801,0.528409091,19.78795455,3.976590909
11802,0.5625,23.1635,3.1145
11803,0.613333333,37.79766667,4.853
11804,0.481707317,21.90390244,5.121707317
11805,0.558139535,28.85860465,3.824651163
11806,0.035,1.283,2.7795
11807,0.556410256,38.05564103,5.564102564
11808,0.588,33.2344,5.1574
11809,0.618867925,35.6845283,3.849433962
11810,0.563235294,31.67764706,3.975588235
11811,0.504761905,38.68666667,6.18952381
11812,0.604761905,34.03238095,5.44047619
11813,0.456818182,25.00863636,4.645454545
11814,0.534090909,24.15227273,4.029545455
11819,0.568975069,42.06147436,7.070637119
11820,0.610858896,47.0726506,6.97595092
11941,0.711061947,35.88132743,4.651061947
11942,0.680645161,63.75290323,5.838924731
11943,0.709848485,42.94651515,2.840606061
11944,0.626966292,28.69337079,3.571011236
11945,0.702222222,37.85433333,3.109555556
11967,0.43879056,18.76881657,3.581710914
11968,0.3992891,21.71803318,5.07014218
11969,0.35,12.0919833,5.016458333
11970,0.388888889,15.94243243,5.128228228
11971,0.398345154,19.00832151,5.436170213
11972,0.458108108,29.33609009,4.923063063
11973,0.425643087,29.09324759,5.787620579
11974,0.426997245,21.64123967,4.952066116
11975,0.410994764,31.59709424,7.443979058
11976,0.424613402,23.62912371,6.67628866
11977,0.484662577,23.63619632,5.846625767
11978,0.374439462,22.88360987,5.964798206
11979,0.38125,11.39725,4.09
11980,0.383699634,22.99992674,5.158241758
11981,0.483490566,28.01141509,4.967924528
11982,0.43081761,29.46886792,6.198113208
11983,0.47755102,26.67085714,6.02122449
11984,0.403374233,25.40355828,5.582515337
11985,0.44972067,26.47776536,4.753631285
11986,0.357142857,15.91617857,4.026785714
11987,0.478873239,23.55164319,4.44084507
11988,0.453545232,27.83640587,4.438875306
11989,0.484962406,21.35699248,3.74962406
11990,0.382467532,21.36864583,4.814285714
11991,0.416814159,20.18615929,5.173628319
11992,0.460648148,20.60164352,4.216898148
11993,0.474683544,27.57582278,5.87721519
11994,0.448611111,26.23640741,5.340740741
11995,0.453405018,26.62003584,5.685304659
11996,0.442654639,24.29054124,5.597938144
11997,0.452941176,32.28576471,5.683137255
11998,0.48470948,31.99198777,6.005198777
11999,0.439772727,29.11293939,6.24030303
12000,0.465863454,22.20004032,5.19437751
12001,0.449507389,27.13821018,4.662233169
12002,0.431506849,26.52752294,4.32739726
12003,0.460526316,27.59490305,5.226315789
12004,0.460820896,33.24870647,5.607960199
12005,0.471973094,18.99668161,3.066816143
12006,0.487551867,28.68804979,4.858921162
12007,0.425480769,30.52580128,6.760576923
12008,0.472222222,31.37716049,5.472839506
12009,0.407986111,15.83847222,5.074305556
12010,0.491071429,26.99178571,4.862755102
12011,0.473314607,35.70974719,5.984831461
12012,0.495967742,35.99145161,5.389247312
12013,0.487179487,23.29374359,4.955384615
12014,0.456896552,29.60303448,6.148965517
12015,0.418032787,27.05759563,5.66284153
12016,0.45806962,26.43563291,4.942088608
12017,0.492021277,34.67329787,6.004787234
12018,0.491666667,34.961,5.987777778
12019,0.41300716,25.97281623,5.24725537
12020,0.475146199,23.48859649,3.501169591
12021,0.387608069,22.39677233,5.340634006
12022,0.388888889,24.93474747,5.729292929
12023,0.262048193,20.81156627,6.885542169
12024,0.315384615,19.61407692,5.649230769
12025,0.468283582,27.62906716,5.370522388
12026,0.415364583,26.03557292,5.369791667
12027,0.402195946,20.17888514,5.147297297
12028,0.27688172,15.33451613,4.662365591
12029,0.344936709,15.93797468,4.032911392
12030,0.38844086,23.90639785,5.176344086
12031,0.340686275,11.69965686,3.309313725
12032,0.455645161,35.025,7.040322581
12033,0.464285714,12.39,2.823809524
12034,0.367346939,20.38653061,4.289795918
12035,0.355590062,12.27279503,3.091925466
12036,0.417910448,24.52243781,5.313930348
12037,0.379545455,16.02145455,4.487272727
12038,0.481359649,26.24442982,4.530263158
12039,0.414746544,25.99345622,4.660829493
12040,0.279352227,10.84008097,3.738461538
12041,0.409533074,24.79856031,5.977431907
12042,0.44375,23.4845,4.405
12043,0.434931507,20.66178082,4.197260274
12044,0.398148148,16.15166667,3.274074074
12045,0.464285714,20.21142857,4.047619048
12046,0.446428571,25.18285714,5.121428571
12047,0.355,16.2076,4.948
12048,0.320588235,9.810235294,2.922352941
12049,0.33974359,13.24224359,3.134615385
12050,0.3525,14.6027,4.149
12051,0.436416185,24.58971098,4.797109827
12052,0.440340909,26.99085227,5.489772727
12053,0.335664336,18.9220979,4.700699301
12060,0.344444444,17.68333333,4.627777778
12061,0.318181818,14.13090909,4.418181818
12062,0.357142857,12.6925,3.517857143
12063,0.386363636,14.23909091,3.668181818
12064,0.341836735,16.99795918,4.902040816
12065,0.327777778,13.50777778,3.864444444
12066,0.276041667,15.08833333,4.766666667
12067,0.279411765,6.955588235,3.664705882
12068,0.2734375,8.4846875,3.990625
12069,0.331081081,17.31459459,5.145945946
12070,0.239583333,11.41791667,5.491666667
12071,0.357142857,9.167142857,3.138095238
12072,0.28125,8.1175,3.341666667
12074,0.641025641,29.48012821,6.397435897
12075,0.618085106,33.70319149,7.168085106
12076,0.585714286,40.35612245,7.183673469
12077,0.578225806,34.62322581,8.733870968
12078,0.628787879,59.14545455,8.075757576
12086,0.6575,46.60442857,6.644642857
12087,0.640213523,32.04711744,7.411032028
12088,0.646415771,28.76146953,4.921146953
12089,0.61686747,41.9226506,7.512048193
12090,0.659053498,38.3337037,5.693415638
12091,0.645721925,33.01860963,5.529411765
12092,0.644782609,37.73843478,5.973913043
12093,0.65890411,31.30739726,4.280821918
12094,0.640140845,28.82830986,5.030985915
12095,0.623076923,23.14576923,5.352564103
12096,0.654310345,23.12534483,3.293103448
12097,0.636805556,20.64791667,4.381944444
12098,0.661486486,26.16959459,3.675675676
12099,0.645774648,26.81760563,3.612676056
12100,0.402272727,14.62227273,5.189393939
12101,0.641333333,40.39893333,4.586666667
12102,0.597413793,31.44241379,6.017241379
12103,0.622535211,21.73859155,4.021126761
12104,0.61025641,30.34307692,4.987179487
12105,0.593478261,23.78594203,4.137681159
12106,0.66122449,42.80877551,6.087755102
12107,0.650714286,37.64785714,5.44
12108,0.621126761,20.78521127,3.436619718
12109,0.617567568,23.39567568,4.162162162
12110,0.648648649,33.73189189,4.864864865
12111,0.6,16.50405797,4.391304348
12112,0.652597403,45.31883117,6.493506494
12113,0.647435897,21.50961538,4.615384615
12114,0.647368421,29.255,4.855263158
12115,0.631481481,28.55518519,5.413580247
12116,0.639215686,27.22333333,4.852941176
12117,0.830996678,103.3363455,8.892026578
12121,0.820981912,112.6085788,9.251162791
12124,0.824126126,96.692,9.035495495
12125,0.824497354,114.0861905,9.327248677
12127,0.793908918,77.33607211,8.281214421
12134,0.82120155,54.85242248,8.625193798
12143,0.819425743,119.7113267,9.27029703
12149,0.823800384,98.17809981,7.710556622
12155,0.813701923,106.6014663,8.190384615
12157,0.822592593,82.99599129,7.441830065
12158,0.802260274,94.29493151,7.583561644
12164,0.838637363,92.52942857,7.869230769
12165,0.78615142,105.3383596,9.340694006
12167,0.818792271,90.85620773,9.00531401
12169,0.826905444,92.2282235,7.442406877
12176,0.818148148,92.85023569,7.871380471
12177,0.822793296,89.77318436,8.084357542
12178,0.805361842,61.23628289,6.589144737
12179,0.817804878,77.04482385,6.726558266
12180,0.828785425,56.18534413,6.627125506
12181,0.824027304,75.97880546,6.96552901
12182,0.790357143,95.81904762,7.502380952
12184,0.821459627,80.00295031,8.060248447
12185,0.678222222,79.94733333,6.555555556
12186,0.830125786,114.5867925,9.353459119
12187,0.831823529,104.0235882,8.838235294
12188,0.832833333,105.24875,9.235
12189,0.817964072,97.23077844,11.55508982
12190,0.749856115,63.54816547,6.376978417
12191,0.828974359,80.21479853,6.985714286
12192,0.779528302,75.86599057,7.235377358
12193,0.832956522,104.740087,7.655217391
12194,0.827420635,90.14115079,6.846825397
12195,0.817716535,79.08610236,6.773228346
12196,0.811170213,110.2479255,7.296276596
12197,0.837525253,124.3192929,9.637373737
12198,0.817914439,84.57572193,8.053475936
12199,0.833813953,70.97827907,7.819627907
12200,0.799705882,74.08602941,9.930147059
12201,0.790365854,82.32554878,10.33231707
12202,0.761098266,43.62231214,6.086300578
12203,0.827093023,54.81534884,6.53255814
12204,0.808695652,72.68670807,9.727950311
12205,0.697785235,43.84416107,9.253020134
12206,0.790241935,86.24741935,7.786290323
12207,0.732745098,69.02715686,6.698039216
12208,0.805224719,96.90477528,7.242696629
12209,0.834972067,108.0455307,7.490502793
12210,0.825901639,71.9468306,9.203825137
12211,0.767840909,56.74204545,6.389772727
12212,0.793258427,72.33235955,6.85505618
12213,0.796736842,87.26294737,7.271578947
12214,0.795957447,95.97882979,8.044680851
12215,0.801979167,80.535,7.161458333
