ID,MO,YLD,HT
0,-0.801514,0.939071,0.526085
1,-0.488174,-0.525712,0.313674
2,-0.454526,1.52083,0.607651
3,-1.09048,0.224008,-0.408521
4,-0.274373,-0.130268,-0.196111
5,-0.128452,0.692075,0.405011
6,0.249014,-0.0402884,-1.42809
7,-1.30246,0.603468,0.22871
8,0.321358,1.04968,1.15737
9,-1.5368,0.0534928,1.15355
10,0.816126,-0.212063,-0.342249
11,0.784546,-1.1646,-0.680407
12,1.13557,-0.412791,0.616997
13,0.0609902,-1.19861,-0.748378
14,-0.298539,-1.04129,-0.108598
15,0.74416,-0.654938,0.733398
16,0.34177,-1.62715,-0.833343
17,0.00563986,-2.69646,-1.08824
18,-0.104624,1.39456,1.68712
19,0.254683,1.53641,1.51371
20,-0.25927,1.26924,1.21599
21,1.15915,-1.26327,-0.773868
22,0.358112,2.13854,1.64455
23,0.020244,0.743236,1.25576
24,-0.298344,-0.887395,-0.535968
25,-0.0290834,0.986923,1.23086
26,-0.868867,0.116742,0.780978
27,-0.13829,-0.806854,0.492524
28,-0.0515734,1.69753,1.5618
29,-0.0315517,1.556,1.62014
30,0.420649,-0.552572,-1.30065
31,0.0166478,-2.31327,-1.13072
32,0.197612,0.510028,-0.402857
33,0.786481,-1.10175,-1.30065
34,0.371489,-0.0508939,-0.504531
35,-0.340735,0.0746158,0.356156
36,-0.151464,0.713755,0.342562
37,-2.95167,1.2116,-0.130688
38,-0.722091,0.748326,0.384478
39,-0.928307,0.640819,0.79174
40,0.378164,0.24529,0.501728
41,0.657826,-0.63075,-0.937848
42,-0.0659842,-0.0133252,-0.295236
43,-0.211637,-0.806232,-0.889985
44,-0.303917,0.214558,-0.295236
45,0.00615003,-0.407168,0.441121
46,0.00703299,-1.40974,-0.295236
47,0.58577,-1.61297,-0.833343
48,0.113534,1.22949,1.30011
49,-0.293751,-1.67261,-0.748378
50,1.2657,-0.317855,-1.42809
51,1.08762,-2.83513,-1.47057
52,0.976696,-0.280512,-0.0363782
53,1.31841,-1.03738,-0.419567
54,-1.87588,-0.436811,0.735947
55,1.19036,-1.3929,-1.47652
56,-0.769144,-0.6466,0.259864
57,1.56173,-0.169623,0.926266
58,-2.159,-0.0478377,0.611049
59,1.5834,-0.722449,-0.478192
60,0.394711,-0.310781,-0.0865071
61,1.14285,0.0608906,-0.0814092
62,1.01104,-0.0780796,-0.822297
63,-2.56586,1.41866,1.12695
64,-0.310969,0.598792,1.00755
65,-0.339308,0.19088,0.469159
66,-0.617743,-0.745567,0.475956
67,0.863387,-0.117833,0.526085
68,0.417615,-0.429513,-0.960789
69,1.43572,-0.908708,0.441121
70,0.305042,-0.290215,0.780978
71,-0.0228709,0.335741,0.327835
72,-0.531538,0.445573,-0.805021
73,-0.582015,0.795711,2.56523
74,0.289469,-1.62386,-0.960789
75,1.52955,-0.0362807,-2.10781
76,0.47702,-1.47794,-0.748378
77,-0.363136,0.432316,1.45135
78,-0.392842,-0.000613308,2.53379
79,0.928682,-0.932583,-1.09291
80,0.631198,-2.40487,-0.875825
81,-1.64797,4.53469,1.29076
82,0.877967,0.353777,0.871889
83,0.122781,2.07462,1.46069
84,1.53468,-1.25427,-1.75775
85,1.15924,-0.800586,-1.01941
86,0.565435,0.968894,0.606801
87,1.66637,-1.38574,-0.0907553
88,1.59779,-0.931949,0.741044
89,1.22224,-0.4614,-0.19866
90,0.253342,-1.01707,-0.620932
91,0.10726,-1.30038,0.242871
92,0.240491,1.09484,1.29076
93,0.132279,0.491368,1.03502
94,-1.65596,-0.435708,0.271192
95,1.41886,-2.36128,-0.202058
96,-0.166431,1.3293,0.780978
97,-2.09221,-0.473047,-0.243691
98,1.23107,-0.284153,-0.0686646
99,0.667275,-0.107247,0.780978
100,-1.06131,2.82231,1.25338
101,0.202268,1.40596,1.06136
102,-3.25913,1.73482,0.271192
103,-2.9503,0.617307,1.14916
104,0.0553164,-0.626151,-0.220751
105,-0.35626,-0.646096,0.562195
106,-0.542089,0.973893,1.41311
107,-0.631106,0.172383,0.865942
108,0.398684,-1.06956,-0.408521
109,-1.00559,-0.734388,0.455989
110,-2.16217,0.101947,0.497764
111,-0.837626,1.40171,1.3866
112,1.2401,0.135692,0.503994
113,-0.182367,0.589242,1.39017
114,-2.63902,0.0843104,0.611049
115,-0.644445,-0.922319,-0.464598
116,-0.211085,-1.27252,-0.663414
117,-1.52307,-0.981503,-0.281075
118,-1.60714,0.837981,0.570266
119,0.54295,-1.63364,-1.42894
120,0.00753487,0.541109,0.0279114
121,-0.878908,0.215797,-0.805021
122,-0.407731,-1.91136,-1.47057
123,-0.0639515,0.439415,0.556389
124,-0.757325,-0.330629,0.384478
125,-2.38088,1.14023,0.462362
126,0.338406,0.381634,-0.0304307
127,0.0777532,-0.537439,0.470009
128,0.161307,1.20567,0.960252
129,0.563331,0.65083,-0.300617
130,0.505905,0.421675,-0.0686646
131,0.0954415,-0.133103,0.271192
132,-0.305153,1.55301,1.16672
133,0.947086,0.117957,-0.179968
134,-0.464801,0.795684,1.23639
135,0.584757,-0.303011,0.160739
136,-4.44303,-0.527359,-0.57845
137,-0.00578657,0.0255215,0.192176
138,-0.832919,1.44894,1.53291
139,-1.07751,0.936489,0.0587817
140,1.94867,-0.254298,0.00780321
141,1.03467,0.911604,0.441121
142,1.01147,0.055686,-0.310813
143,1.30558,0.771138,-0.57845
144,0.317506,0.740741,0.101264
145,0.122781,1.60053,1.46069
146,-0.694836,0.712571,-0.445906
147,-0.6454,1.47355,0.485642
148,0.132322,0.69186,-0.306564
149,0.509832,-1.18853,-1.2348
150,0.157353,1.62087,-1.00497
151,0.428025,-0.190829,-0.53087
152,0.603798,-0.0202463,-0.297218
153,1.15948,-1.0447,-0.766221
154,1.03416,-1.10565,-1.20888
155,0.893251,-0.623547,0.0451875
156,1.14833,-0.917018,-0.0635667
157,0.842384,-0.385401,-1.21483
158,0.232524,-1.62956,-1.05991
159,0.907356,-0.0241617,-0.346498
160,0.821607,-0.634977,-1.35757
161,0.643708,0.989244,0.617846
162,0.437528,-0.817172,-0.295094
163,0.40067,1.2652,0.979794
164,0.049134,-0.391068,0.373999
165,-0.0720507,1.03381,-0.0686646
166,0.226136,0.740235,-0.918307
167,1.60456,-1.10805,-0.311662
168,-0.458543,-0.00298751,0.748691
169,0.974524,0.48319,0.493799
170,0.243946,-0.70705,-0.345223
171,1.02178,-0.197682,-0.242841
172,-0.217232,-0.15472,-0.449304
173,0.0571371,0.133408,-0.238593
174,0.292832,-0.175067,-0.0120218
175,0.603991,-0.404473,0.270767
176,-1.04288,0.60971,-0.992226
177,-0.12707,1.17071,-0.284814
178,1.45744,0.165864,0.402037
179,0.0531616,1.25811,0.402037
180,-0.118903,0.6984,0.33534
181,-1.74264,1.69877,1.74405
182,-0.633315,-0.75207,0.0927674
183,1.47094,-0.717056,-0.209705
184,1.50802,0.115688,-0.688054
185,0.675509,-0.155657,-0.238593
186,1.16196,0.319601,-0.318459
187,1.34867,-0.233677,-0.45865
188,1.03671,-0.647297,-1.36777
189,0.13024,-0.00930078,0.317498
190,0.89433,1.16814,0.611049
191,1.39052,0.136807,-0.501982
192,-0.427304,1.84503,-0.646421
193,0.277914,0.415219,-0.238593
194,0.748787,-1.75418,-2.27773
195,0.901471,-0.141918,0.194724
196,0.546539,-0.585017,0.505693
197,0.758908,1.46477,0.441121
198,1.31366,-0.796258,-0.218202
199,0.894413,-0.295465,-0.845237
200,0.0984981,1.25057,0.601703
201,0.156681,1.42,1.29076
202,0.417146,0.544922,0.658346
203,1.10068,-0.704269,-0.408521
204,0.691723,-0.597153,-0.86308
205,0.675931,-1.58322,-1.20719
206,0.103919,0.352637,-0.0880364
207,0.760293,0.858773,0.441121
208,0.0858675,-0.371343,-0.0363782
209,1.19297,-0.348832,-0.500283
210,0.436158,0.0485626,-1.66684
211,1.02515,0.34781,-0.676159
212,0.0877748,-0.437426,-0.163825
213,1.20668,-0.885336,0.0851206
214,0.466193,-0.098618,-0.096986
215,0.43772,0.30659,-0.5776
216,0.823425,-0.402461,-0.645572
217,0.222784,-0.454689,-0.57845
218,0.83199,0.304806,-0.113696
219,-0.113516,-0.527051,-2.78752
220,-1.1152,2.11097,1.64931
221,0.534361,-0.132587,0.104662
222,-0.0271277,0.573946,-0.216502
223,0.377329,-0.465412,-0.137486
224,-0.876744,-0.587132,-1.68298
225,0.0520807,-1.66974,-2.44256
226,0.0628341,-1.57939,-1.85291
227,-0.522321,0.476277,-1.29328
228,0.257472,0.892993,-1.25816
229,0.6152,-0.983601,-0.918307
230,0.645807,0.202389,-0.0686646
231,-0.119671,0.339631,-0.18195
232,0.821874,-0.31124,-0.515576
233,0.932715,-0.320674,-0.168922
234,2.01206,-1.29372,-1.61331
235,0.862888,-0.420971,-0.0610178
236,0.722793,1.30937,-0.0686646
237,-0.166834,0.6014,1.555
238,0.565513,0.491023,0.950906
239,-0.198568,0.136418,0.473407
240,-0.992373,1.88,1.80055
241,-1.25291,0.735489,1.41693
242,0.352235,-0.563986,0.541378
243,-0.477647,1.36201,1.33409
244,0.173688,-0.234739,0.542228
245,-0.253995,0.968055,0.493799
246,-1.03064,1.40388,0.832806
247,-1.47899,0.132445,1.46069
248,-1.53329,0.981996,0.676472
249,-0.267642,-0.0521763,-0.587796
250,0.144686,0.788151,0.435173
251,0.232822,0.601383,1.03757
252,-0.847056,0.182757,1.18243
253,-1.30612,-0.680743,-0.918307
254,-0.0818662,0.673228,1.24913
255,-0.641374,1.09069,1.29076
256,1.09993,-0.832097,-0.748378
257,-0.905792,2.20088,0.691765
258,0.360455,-0.815106,-1.04575
259,-0.399988,-1.0424,-0.734784
260,1.08296,-0.359989,-0.343949
261,0.495131,1.3251,1.4301
262,0.616315,0.607421,-0.238593
263,-0.952208,0.868671,1.77846
264,0.240755,-0.351411,0.597455
265,0.96322,-0.593539,-0.488388
266,0.903584,0.00229394,0.0885192
267,1.30266,-0.901169,-0.0686646
268,0.593623,1.64267,1.97048
269,1.32193,-0.880605,-0.535968
270,0.95212,-0.355815,-0.57845
271,-0.242044,2.128,1.63062
272,0.700688,-0.122129,0.101264
273,0.246429,0.858063,1.03502
274,0.553518,-0.154374,-0.590345
275,-1.43238,1.61187,1.29416
276,-0.285552,0.308412,0.780978
277,1.88134,-1.11122,-0.0686646
278,0.452128,0.237909,0.908424
279,0.190044,1.00905,1.29076
280,0.248087,0.248276,0.00950249
281,0.5513,-0.474805,0.101264
282,1.19796,-0.520018,-1.21398
283,0.76763,0.0865403,-1.25816
284,0.0711029,0.317024,0.441121
285,0.804691,-0.426061,-1.42809
286,0.312402,-0.743873,-0.550128
287,0.631981,0.382385,0.441121
288,0.510729,0.660034,0.260147
289,0.511226,0.847127,1.29076
290,0.913347,-0.292676,0.309426
291,-0.931275,0.435944,-0.959939
292,0.67227,0.96119,-1.25816
293,1.25612,-0.151972,-0.705896
294,0.933033,0.365938,-0.67191
295,0.804027,-1.22126,-2.27773
296,0.836021,0.448796,-0.260684
297,0.903899,-1.44916,-1.30999
298,1.27475,-0.119535,-0.918307
299,0.768121,-1.46564,-2.10356
300,-0.824205,0.0438738,-0.202483
301,0.696533,-1.62076,-0.0403432
302,0.13364,0.885559,0.86934
303,-0.872954,0.374264,1.29699
304,-0.398657,-0.226613,-0.931476
305,-0.214917,-1.19366,-1.06147
306,1.44069,-0.553509,-0.0686646
307,0.475332,-0.386737,-0.32823
308,0.918858,-0.99988,-1.80108
309,0.394758,-0.579294,-0.748378
310,-0.227132,1.7692,0.258448
311,-1.52371,0.852504,-1.6405
312,-0.348809,1.02818,0.271192
313,0.575013,-0.45023,-1.25816
314,1.45854,-0.324165,0.0868199
315,0.664284,0.747208,0.803918
316,-0.891251,0.488992,1.46069
317,0.397328,0.0839826,-0.57845
318,-0.447805,0.830848,0.667692
319,0.891799,-0.581837,-0.669362
320,1.62644,-0.852495,0.271192
321,-2.61556,-0.763283,-0.166373
322,-1.34255,3.94351,0.611049
323,-1.74033,-1.40406,0.487851
324,-1.43085,0.118694,1.48278
325,-1.38432,-0.0424218,1.40716
326,-0.673916,0.119234,-3.11123
327,-1.3693,0.978986,1.12933
328,0.36683,-1.8556,-1.93788
329,-2.54304,2.92591,1.46069
330,1.24015,-2.31766,-1.08824
331,-2.3798,-0.505618,0.908424
332,-1.52417,0.397304,-0.720057
333,-0.858272,-0.579142,-1.63031
334,-0.637028,0.0439751,-0.226698
335,-0.16539,-0.305815,-1.45528
336,-0.830339,0.675925,0.758887
337,-1.12145,-0.0795574,-0.748378
338,0.347333,-0.561642,-0.209705
339,0.0537317,0.455743,0.87019
340,0.161903,0.511381,0.690915
341,-1.75511,0.72095,-0.394927
342,-1.78632,0.87351,0.248252
343,-0.451066,-0.534268,-1.68298
344,-0.920459,-0.198733,0.101264
345,1.35305,-0.486988,-1.1647
346,-0.989741,-1.11534,0.441121
347,-1.07438,2.62865,1.46069
348,0.856606,-0.358032,0.604252
349,0.26672,-0.64836,-0.509204
350,-1.61828,-0.61506,0.780978
351,-0.612302,0.6207,0.141197
352,-1.5087,0.07103,0.228285
353,-1.41709,0.823689,0.859994
354,-1.85609,1.00166,1.96623
355,-1.97903,-0.110611,0.904176
356,-0.687887,1.47067,1.63062
357,-2.05528,0.946054,1.72833
358,0.502419,-0.956103,1.46069
359,-1.87852,-1.8693,-0.875825
360,-0.815478,1.26469,1.15227
361,-1.03116,-0.314049,1.46069
362,-0.751884,0.487973,1.4318
363,-1.64318,0.0253996,0.437722
364,-0.282844,0.238274,1.0792
365,-1.44825,0.797351,1.23129
366,0.00507013,-0.016637,0.780978
367,0.334858,-0.821501,-1.05255
368,-0.487299,0.791815,1.29076
369,1.38786,-0.90234,-0.408521
370,-0.158075,-1.3137,-0.705896
371,0.704735,-0.376196,-1.59122
372,1.17451,-0.619404,-1.25646
373,-1.90057,0.148796,1.62637
374,0.389178,-0.754789,-1.30192
375,-0.214281,-1.23656,-1.34313
376,0.778558,-2.18222,-1.00327
377,-1.35356,-0.773295,0.622944
378,-1.26931,1.23991,0.735097
379,1.67586,-0.363432,-0.304015
380,-0.679297,0.646573,0.119956
381,-0.861784,1.52076,2.3953
382,0.442269,-0.120377,0.0825717
383,0.376759,0.0872186,-0.238593
384,0.293868,-1.40866,-0.730111
385,1.45958,-0.353421,0.0978653
386,-0.492909,-0.117455,-0.053371
387,-0.884628,2.45396,1.70454
388,-0.764027,-0.0308528,0.611474
389,-0.109718,0.115251,0.15819
390,-0.793335,-0.0923377,1.05626
391,0.122723,-0.0736946,-0.285748
392,-0.373277,0.430056,1.11786
393,-1.13076,1.98377,1.9127
394,0.0736209,1.36998,0.950906
395,1.2671,-1.40762,-1.13157
396,0.00615003,-1.2353,-3.12738
397,-0.239852,-0.850704,-2.39102
398,0.508322,-1.51388,-2.77308
399,0.567371,-1.54905,-2.67367
400,0.747552,-1.62797,-1.95232
401,1.85304,-1.22372,-1.49351
402,1.71622,-0.933858,-1.42809
403,-1.90129,1.57376,1.29076
404,-2.54647,0.381514,1.84983
405,0.0285258,-0.229907,0.436023
406,-0.0295558,0.220258,-0.166798
407,0.281775,0.418824,-0.156178
408,0.333267,-1.38474,-2.07637
409,-1.52414,2.33175,-0.408521
410,1.39972,-0.615388,0.523536
411,-2.6488,0.120336,0.720653
412,0.893251,0.0834484,-0.748378
413,0.35393,-0.901061,-0.939548
414,1.0582,-0.58318,-0.824846
415,-0.689145,0.43186,0.824309
416,-0.50461,0.193583,1.60428
417,-0.790447,0.724761,1.81301
418,0.241776,-1.41261,0.186228
419,0.608024,-1.47549,-1.47057
420,0.248423,-0.707807,-0.57845
421,0.3064,-0.665069,-0.0402016
422,0.889078,-0.532143,-0.429762
423,-2.03207,-0.360997,1.48901
424,0.137979,-1.45222,-0.833343
425,1.22854,-0.507463,-0.834192
426,1.60395,-0.862957,-1.76795
427,-0.545691,1.09364,0.521837
428,-0.0420476,0.0308226,-0.3802
429,-1.27787,-0.323716,0.483603
430,-0.088407,0.130085,0.428093
431,-0.9554,-1.00995,-1.1732
432,-2.75129,-0.386154,-1.76795
433,-0.374677,-0.449431,-0.664689
434,-0.200056,-0.514606,-0.840564
435,0.703201,-0.664777,-0.436843
436,0.354953,-0.699902,-0.100526
437,0.651131,-0.881618,-1.08824
438,0.145902,-0.787203,-0.858832
439,-1.69977,0.369756,0.0451875
440,-0.218837,-0.860485,-0.954841
441,-1.44169,0.423461,-0.380766
442,0.185959,0.884627,0.388868
443,0.0185465,0.845879,0.548176
444,-0.253246,1.23044,0.471425
445,-0.111412,1.54104,0.660328
446,-0.760565,-0.469873,-0.593319
447,-0.416006,0.332556,1.28651
448,-0.814764,-0.546753,0.487851
449,0.291181,-0.23983,-0.40484
450,0.101626,-0.707091,0.186228
